,start1,end1,start2,end2,col
924,3538087993,3538087993,3370591873,3370591873,28
915,3565771628,3565771628,3430011856,3430011856,28
906,2845883787,2845883787,238690643,238690643,28
907,931630682,931630682,3060966735,3060966735,28
908,928441279,928441279,3131639648,3131639648,28
909,926745638,926745638,2967042848,2967042848,28
910,912487451,912487451,2974984809,2974984809,28
912,885042944,885042944,2959984677,2959984677,28
913,884178386,884178386,2966411913,2966411913,28
914,3540196838,3540196838,3466992609,3466992609,28
911,895992096,895992096,2953809772,2953809772,28
916,3586150935,3586150935,3458325782,3458325782,28
920,3623711225,3623711225,3372538073,3372538073,28
917,3628269135,3628269135,3378070537,3378070537,28
922,3574820973,3574820973,3473084396,3473084396,28
921,3572415920,3572415920,3471049673,3471049673,28
923,3538438017,3538438017,3369974904,3369974904,28
919,3624394343,3624394343,3373546263,3373546263,28
918,3587576946,3587576946,4951348100,4951348100,28
896,1627209367,1627209367,1253488597,1253488597,27
887,3879901409,3879901409,4544523443,4544523443,27
888,3876094611,3876094611,4542884004,4542884004,27
889,3876049548,3876049548,4542822419,4542822419,27
890,3875992007,3875992007,4542720590,4542720590,27
891,3879257310,3879257310,4544143159,4544143159,27
893,1623893269,1623893269,1296678603,1296678603,27
894,1623940884,1623940884,1296730810,1296730810,27
895,1627192691,1627192691,1253433444,1253433444,27
892,3839024507,3839024507,4510464652,4510464652,27
897,1629796389,1629796389,1258046256,1258046256,27
899,1635507665,1635507665,1266781202,1266781202,27
900,1637287508,1637287508,1292587385,1292587385,27
901,1544134174,1544134174,2523732319,2523732319,27
902,1541413698,1541413698,2534301004,2534301004,27
903,1540656722,1540656722,2533150238,2533150238,27
904,1353248493,1353248493,4160474081,4160474081,27
905,1375753059,1375753059,4177964270,4177964270,27
898,1632470315,1632470315,1263601385,1263601385,27
881,849189345,849189345,2985622323,2985622323,26
875,819554330,819554330,4876595206,4876595206,26
876,833048116,833048116,4857290396,4857290396,26
877,839600859,839600859,4226121431,4226121431,26
879,844680412,844680412,2988953696,2988953696,26
880,846602617,846602617,2987296359,2987296359,26
878,2541305942,2541305942,1993406764,1993406764,26
882,855086664,855086664,2981731515,2981731515,26
884,859505205,859505205,4885524786,4885524786,26
885,863601311,863601311,4883511156,4883511156,26
886,870605620,870605620,4879100444,4879100444,26
883,859149147,859149147,4885915564,4885915564,26
851,3775476453,3775476453,1917739542,1917739542,25
857,4194315320,4194315320,3867912898,3867912898,25
856,4196182889,4196182889,3880409761,3880409761,25
855,4198608276,4198608276,3893494437,3893494437,25
854,4161399900,4161399900,3892211534,3892211534,25
853,4154596235,4154596235,3895548892,3895548892,25
852,4157111950,4157111950,3885439232,3885439232,25
848,2762233321,2762233321,1758196492,1758196492,25
850,2783210548,2783210548,1769080073,1769080073,25
849,2789159470,2789159470,1763810579,1763810579,25
847,2832231413,2832231413,252038242,252038242,25
846,3337067802,3337067802,4392721845,4392721845,25
845,2830284530,2830284530,2856758638,2856758638,25
844,4210595438,4210595438,3825525965,3825525965,25
859,4213592092,4213592092,3866740880,3866740880,25
858,4213846084,4213846084,3867029276,3867029276,25
867,4184380697,4184380697,3850032619,3850032619,25
860,4143104864,4143104864,3875429913,3875429913,25
868,4177338502,4177338502,3845520084,3845520084,25
861,4142027862,4142027862,3870599075,3870599075,25
873,4209584699,4209584699,3826700902,3826700902,25
872,4210041529,4210041529,3825986976,3825986976,25
871,4168201068,4168201068,3839596575,3839596575,25
870,4171573361,4171573361,3841733571,3841733571,25
869,4173325873,4173325873,3842685778,3842685778,25
874,4208426667,4208426667,3827954681,3827954681,25
865,4348355312,4348355312,4931785991,4931785991,25
864,4193177479,4193177479,1784679453,1784679453,25
863,4191392868,4191392868,3857134614,3857134614,25
866,4184638874,4184638874,3850193323,3850193323,25
862,4191080106,4191080106,3468156982,3468156982,25
840,4481397220,4481397220,4058051262,4058051262,24
843,4465053331,4465053331,4048531163,4048531163,24
842,4466428276,4466428276,4063215064,4063215064,24
841,4480757522,4480757522,4056564381,4056564381,24
839,4484785717,4484785717,4071309211,4071309211,24
825,248234117,248234117,1411073672,1411073672,23
827,222545453,222545453,2197856493,2197856493,23
826,250387423,250387423,1408054366,1408054366,23
821,224072998,224072998,1434261596,1434261596,23
824,248174920,248174920,1411138756,1411138756,23
823,228542113,228542113,1429774230,1429774230,23
822,224176033,224176033,1434062067,1434062067,23
829,218103087,218103087,1440871979,1440871979,23
828,222184687,222184687,1436264010,1436264010,23
834,384065708,384065708,1304066473,1304066473,23
830,4812581686,4812581686,3616955453,3616955453,23
832,5177710352,5177710352,4695811689,4695811689,23
833,383194059,383194059,1303064769,1303064769,23
835,386475171,386475171,1269347912,1269347912,23
836,271818153,271818153,1385018853,1385018853,23
837,278414858,278414858,1377292048,1377292048,23
838,439454320,439454320,1369048864,1369048864,23
831,5165599336,5165599336,784752751,784752751,23
803,2071216159,2071216159,4776094864,4776094864,22
807,2068481640,2068481640,4777364765,4777364765,22
806,2068458507,2068458507,4777322798,4777322798,22
805,2072391404,2072391404,4775295520,4775295520,22
804,2071403565,2071403565,4775946129,4775946129,22
799,2069822701,2069822701,4776922251,4776922251,22
802,2071141492,2071141492,4776138241,4776138241,22
801,2070094920,2070094920,4776708816,4776708816,22
800,2070010686,2070010686,4776837927,4776837927,22
798,4225709299,4225709299,2570436403,2570436403,22
809,4256821950,4256821950,2617477033,2617477033,22
808,4256291835,4256291835,2616686442,2616686442,22
813,4437221182,4437221182,4656007642,4656007642,22
810,4256974738,4256974738,2617565769,2617565769,22
816,4246512395,4246512395,2571257995,2571257995,22
820,4236514694,4236514694,2575028036,2575028036,22
818,4259148772,4259148772,2446444089,2446444089,22
817,4257821734,4257821734,2618537104,2618537104,22
819,4258689345,4258689345,2446952886,2446952886,22
815,4245194109,4245194109,2606251690,2606251690,22
814,4435760318,4435760318,4664533673,4664533673,22
811,4443374351,4443374351,4667253725,4667253725,22
812,4444544315,4444544315,4648527762,4648527762,22
789,4802092870,4802092870,3598062502,3598062502,21
780,4781507852,4781507852,3577645178,3577645178,21
781,4790468654,4790468654,4941866688,4941866688,21
782,4790933593,4790933593,3585444592,3585444592,21
783,4796795224,4796795224,3589402681,3589402681,21
784,4804059371,4804059371,3600227746,3600227746,21
785,4812542340,4812542340,3616741672,3616741672,21
787,4811715012,4811715012,3647682500,3647682500,21
788,4807753764,4807753764,3645337723,3645337723,21
786,4812506703,4812506703,3616690858,3616690858,21
790,4800654373,4800654373,3596082225,3596082225,21
792,4644233056,4644233056,3542640290,3542640290,21
793,4805541243,4805541243,3613900744,3613900744,21
794,4747762138,4747762138,3521686987,3521686987,21
795,4747652032,4747652032,3521597790,3521597790,21
796,4732824793,4732824793,4044348267,4044348267,21
797,4727634514,4727634514,3508397128,3508397128,21
791,4806241317,4806241317,3614951783,3614951783,21
753,1719385992,1719385992,2365112691,2365112691,20
760,3494345656,3494345656,4735086618,4735086618,20
759,3488858782,3488858782,4739354896,4739354896,20
758,3488240643,3488240643,4739672765,4739672765,20
757,3480948072,3480948072,4744239384,4744239384,20
756,3483567120,3483567120,4742414135,4742414135,20
745,974702415,974702415,3114628467,3114628467,20
754,2079530297,2079530297,4771228981,4771228981,20
749,1690530118,1690530118,2363359510,2363359510,20
752,1718956921,1718956921,2364786960,2364786960,20
751,1690175639,1690175639,2364655278,2364655278,20
750,1690418993,1690418993,2364131336,2364131336,20
748,1690637709,1690637709,2363256692,2363256692,20
747,3505408043,3505408043,4720390303,4720390303,20
746,3505285451,3505285451,4720533837,4720533837,20
762,3495834517,3495834517,4733184514,4733184514,20
761,3494377567,3494377567,4735040724,4735040724,20
755,3503195476,3503195476,4723873688,4723873688,20
763,3497886390,3497886390,4730864952,4730864952,20
772,3521225026,3521225026,4701369787,4701369787,20
764,3508600287,3508600287,4716843933,4716843933,20
778,3468519839,3468519839,4752656777,4752656777,20
777,3467487386,3467487386,4754192695,4754192695,20
776,3467407957,3467407957,4754329609,4754329609,20
775,3478318075,3478318075,4746358493,4746358493,20
774,3519135780,3519135780,4698689640,4698689640,20
773,3517036793,3517036793,4694342990,4694342990,20
779,3469147335,3469147335,4753410263,4753410263,20
771,3523788860,3523788860,4696056614,4696056614,20
769,3526441072,3526441072,4706140282,4706140282,20
768,3438278933,3438278933,4765615525,4765615525,20
767,3444004035,3444004035,4764003614,4764003614,20
766,3513678766,3513678766,4712477752,4712477752,20
765,3513472679,3513472679,4712512230,4712512230,20
770,3526361610,3526361610,4706055352,4706055352,20
722,1738107365,1738107365,2329725559,2329725559,19
727,1901958572,1901958572,2393657632,2393657632,19
726,1768787834,1768787834,2317698201,2317698201,19
725,1765621701,1765621701,2322169433,2322169433,19
724,1732810531,1732810531,2325260872,2325260872,19
723,1733139409,1733139409,2325503153,2325503153,19
719,1745332474,1745332474,2337227031,2337227031,19
721,1743265279,1743265279,883538691,883538691,19
720,1744672572,1744672572,2336081189,2336081189,19
718,1933875979,1933875979,5033888016,5033888016,19
717,1865161756,1865161756,2407385552,2407385552,19
716,1873490074,1873490074,2414252239,2414252239,19
715,2462608546,2462608546,3745009102,3745009102,19
729,1906442550,1906442550,2382240022,2382240022,19
728,1905832029,1905832029,2382978560,2382978560,19
732,1855674794,1855674794,2348492230,2348492230,19
730,1906572994,1906572994,2382100176,2382100176,19
739,1818801275,1818801275,1739562806,1739562806,19
731,1763534012,1763534012,2375802943,2375802943,19
744,1789277871,1789277871,2303027957,2303027957,19
743,1798385541,1798385541,2295899671,2295899671,19
742,1808954424,1808954424,2288756729,2288756729,19
740,1817395707,1817395707,2282988167,2282988167,19
741,1816863982,1816863982,2283330507,2283330507,19
738,1822401600,1822401600,2279443395,2279443395,19
737,1823157089,1823157089,2278566153,2278566153,19
736,1848449208,1848449208,2262084301,2262084301,19
735,1852273710,1852273710,2343829733,2343829733,19
734,1853222158,1853222158,2344786790,2344786790,19
733,1855397620,1855397620,2347579850,2347579850,19
692,1159446252,1159446252,2862552824,2862552824,18
698,1157175810,1157175810,2864545289,2864545289,18
697,1152400083,1152400083,2867798079,2867798079,18
696,1151165080,1151165080,2869059442,2869059442,18
695,1144253925,1144253925,2876130751,2876130751,18
693,1135652622,1135652622,2882363271,2882363271,18
700,1091070525,1091070525,2918362239,2918362239,18
691,1165937426,1165937426,2857731095,2857731095,18
690,1173365003,1173365003,2851209529,2851209529,18
689,1184813624,1184813624,2841091956,2841091956,18
688,1185071052,1185071052,2840373096,2840373096,18
687,1189012645,1189012645,2836927715,2836927715,18
686,1197584699,1197584699,2829892274,2829892274,18
699,1117590730,1117590730,2898595633,2898595633,18
694,1138089895,1138089895,2880011744,2880011744,18
701,1083962634,1083962634,2923767788,2923767788,18
708,1013883276,1013883276,3097291589,3097291589,18
714,998718212,998718212,3100023223,3100023223,18
712,1007812194,1007812194,3105013940,3105013940,18
711,1007986962,1007986962,3105157953,3105157953,18
710,1008371682,1008371682,3105269303,3105269303,18
709,1013853522,1013853522,3097332926,3097332926,18
713,1000930376,1000930376,3101165450,3101165450,18
707,1033697212,1033697212,3093054416,3093054416,18
706,1035244265,1035244265,3092365110,3092365110,18
705,1044252691,1044252691,3112748104,3112748104,18
704,1063407334,1063407334,2941043989,2941043989,18
703,1077661937,1077661937,5122732383,5122732383,18
702,1079832195,1079832195,2927277937,2927277937,18
650,1483502524,1483502524,5010892080,5010892080,17
645,1451456196,1451456196,2730098465,2730098465,17
646,1462863586,1462863586,2724220729,2724220729,17
647,1464039488,1464039488,2723641059,2723641059,17
648,1474361662,1474361662,2718033548,2718033548,17
649,1477131433,1477131433,2716900386,2716900386,17
654,1511215023,1511215023,5157956199,5157956199,17
651,1503297310,1503297310,2702665266,2702665266,17
653,1510296742,1510296742,4612293129,4612293129,17
655,1511373409,1511373409,2481214186,2481214186,17
656,1605554473,1605554473,2479106228,2479106228,17
643,1443484647,1443484647,4221918578,4221918578,17
644,1444480131,1444480131,4220303022,4220303022,17
636,1568958789,1568958789,2739298886,2739298886,17
642,1441355680,1441355680,4628952027,4628952027,17
641,1427328453,1427328453,4208966557,4208966557,17
640,1353118499,1353118499,4160246947,4160246947,17
639,1587292798,1587292798,2511162427,2511162427,17
638,1548404420,1548404420,2547242221,2547242221,17
637,1558989414,1558989414,3448767647,3448767647,17
658,1607708321,1607708321,2478075934,2478075934,17
635,1638769127,1638769127,1287268077,1287268077,17
634,1646763034,1646763034,4935094089,4935094089,17
633,1516465211,1516465211,2736410574,2736410574,17
632,1515086924,1515086924,2737019174,2737019174,17
631,1581710471,1581710471,2495638078,2495638078,17
657,1605814141,1605814141,2478983179,2478983179,17
652,1508031370,1508031370,2482987440,2482987440,17
659,1611645407,1611645407,2696568016,2696568016,17
673,3847233661,3847233661,4515874867,4515874867,17
660,3842808581,3842808581,4522518516,4522518516,17
684,3871551279,3871551279,4540351912,4540351912,17
683,3871651923,3871651923,4540460107,4540460107,17
682,3858231767,3858231767,4534220243,4534220243,17
681,3858079530,3858079530,4534131740,4534131740,17
680,3854029772,3854029772,4532298715,4532298715,17
679,3851683075,3851683075,4530840963,4530840963,17
678,3850806338,3850806338,4529283938,4529283938,17
677,3849846114,3849846114,4528718317,4528718317,17
676,3846192659,3846192659,4514873101,4514873101,17
675,3846792869,3846792869,4691636725,4691636725,17
674,3847138872,3847138872,4515727718,4515727718,17
685,3871405031,3871405031,4540268926,4540268926,17
672,3847753313,3847753313,4516142213,4516142213,17
665,3845653224,3845653224,4517736352,4517736352,17
671,3887284969,3887284969,4548489842,4548489842,17
662,3841344932,3841344932,4525712910,4525712910,17
663,3848760127,3848760127,4516770003,4516770003,17
664,3849340826,3849340826,4517147824,4517147824,17
661,3842728987,3842728987,4522550153,4522550153,17
666,3844355400,3844355400,4519560439,4519560439,17
667,3844070424,3844070424,4519801298,4519801298,17
668,3890671547,3890671547,4557845041,4557845041,17
669,3896948139,3896948139,4554111136,4554111136,17
670,3887727242,3887727242,4548682245,4548682245,17
595,1999841872,1999841872,5014450169,5014450169,16
591,1968558082,1968558082,5023034841,5023034841,16
592,1700890146,1700890146,5016054649,5016054649,16
593,1958191638,1958191638,5015194337,5015194337,16
594,1961025897,1961025897,5014490495,5014490495,16
597,1703822680,1703822680,5011543999,5011543999,16
596,1999778788,1999778788,5014435617,5014435617,16
601,1712449814,1712449814,5025420236,5025420236,16
598,1703901660,1703901660,5011435189,5011435189,16
599,1705109331,1705109331,5011155829,5011155829,16
600,1714992952,1714992952,5008398181,5008398181,16
589,1975718506,1975718506,5021036741,5021036741,16
590,1974009483,1974009483,5021648502,5021648502,16
583,1929145393,1929145393,5035997548,5035997548,16
588,1984141893,1984141893,5018666115,5018666115,16
587,3343019830,3343019830,5018630388,5018630388,16
586,1928490832,1928490832,5036316531,5036316531,16
585,1928932945,1928932945,5036148017,5036148017,16
584,1929046438,1929046438,5036114056,5036114056,16
576,1688944353,1688944353,5059719701,5059719701,16
581,1948485827,1948485827,5028351251,5028351251,16
580,1947971746,1947971746,5028470972,5028470972,16
579,1947840155,1947840155,5028564499,5028564499,16
578,1693088175,1693088175,5055066331,5055066331,16
577,1911394973,1911394973,5057336862,5057336862,16
603,1712064195,1712064195,5025693358,5025693358,16
602,1712217138,1712217138,5025480245,5025480245,16
582,1939492058,1939492058,5031403308,5031403308,16
604,1711712074,1711712074,5025799404,5025799404,16
618,4374405113,4374405113,4621373134,4621373134,16
605,1968956720,1968956720,5022969894,5022969894,16
630,4394979494,4394979494,4637185712,4637185712,16
628,4391967843,4391967843,3389105748,3389105748,16
627,4402014600,4402014600,4643094507,4643094507,16
626,4391987222,4391987222,4629923377,4629923377,16
625,4387673111,4387673111,4630438533,4630438533,16
624,4380316488,4380316488,4617493408,4617493408,16
623,4380207474,4380207474,4617395188,4617395188,16
622,4370825186,4370825186,4619093556,4619093556,16
621,4370873667,4370873667,4619153531,4619153531,16
620,4371353860,4371353860,4619291418,4619291418,16
619,4371876471,4371876471,4620048444,4620048444,16
629,4395147848,4395147848,4637348546,4637348546,16
617,4374374799,4374374799,4621397645,4621397645,16
610,1230402784,1230402784,4008493778,4008493778,16
616,4378666667,4378666667,4627235345,4627235345,16
606,1987230087,1987230087,5017956255,5017956255,16
608,1264808644,1264808644,2776073975,2776073975,16
609,1244332749,1244332749,2784709198,2784709198,16
607,1272942076,1272942076,2767739903,2767739903,16
611,1230344234,1230344234,2799549523,2799549523,16
612,1230282477,1230282477,2799675812,2799675812,16
613,1229530039,1229530039,2800836851,2800836851,16
614,1208428709,1208428709,2818582114,2818582114,16
615,1205673811,1205673811,2821101184,2821101184,16
550,2392305966,2392305966,3762440471,3762440471,15
540,2260933591,2260933591,3640522259,3640522259,15
549,2392327584,2392327584,3762515258,3762515258,15
548,2363916461,2363916461,3638517811,3638517811,15
547,2387599329,2387599329,3056386370,3056386370,15
546,2386932236,2386932236,3736217907,3736217907,15
545,2382844518,2382844518,3729843136,3729843136,15
544,2384919786,2384919786,3732410950,3732410950,15
543,2385557579,2385557579,3058708353,3058708353,15
542,2225986594,2225986594,3662132886,3662132886,15
541,2209682197,2209682197,4951239989,4951239989,15
534,2251969549,2251969549,3698271578,3698271578,15
539,2259804335,2259804335,3626808392,3626808392,15
538,2259619733,2259619733,3626890026,3626890026,15
537,2258567406,2258567406,3630160131,3630160131,15
536,2254222746,2254222746,3695659334,3695659334,15
535,2252683133,2252683133,3697469713,3697469713,15
532,2243348656,2243348656,3705219362,3705219362,15
531,2370233289,2370233289,3641958007,3641958007,15
530,510346616,510346616,959478134,959478134,15
529,520063477,520063477,969830663,969830663,15
552,2398560889,2398560889,3780033426,3780033426,15
551,2368298327,2368298327,3697122361,3697122361,15
533,2251912628,2251912628,3698388362,3698388362,15
553,2395143588,2395143588,3772297711,3772297711,15
565,2421560363,2421560363,3801300592,3801300592,15
554,2365288952,2365288952,3634971208,3634971208,15
575,2450036015,2450036015,3760501849,3760501849,15
573,2447181157,2447181157,871638147,871638147,15
572,2444126567,2444126567,3817869706,3817869706,15
571,2437463516,2437463516,3812464639,3812464639,15
570,2435442678,2435442678,3811149324,3811149324,15
569,2434457335,2434457335,3810889150,3810889150,15
568,2424960241,2424960241,3804029881,3804029881,15
567,2424654895,2424654895,3803791507,3803791507,15
566,2422771839,2422771839,3802296133,3802296133,15
574,2449844139,2449844139,3760724598,3760724598,15
564,2418020203,2418020203,3799169608,3799169608,15
558,2404460315,2404460315,3785507384,3785507384,15
563,2415149234,2415149234,3795509048,3795509048,15
555,2398949496,2398949496,3780391584,3780391584,15
557,2401579153,2401579153,3783692250,3783692250,15
556,2399060295,2399060295,3780636503,3780636503,15
559,2404862537,2404862537,3786148769,3786148769,15
560,2412310745,2412310745,3792705227,3792705227,15
561,2413358547,2413358547,3793976026,3793976026,15
562,2413964085,2413964085,3794352108,3794352108,15
500,3928168410,3928168410,2448267061,2448267061,14
507,4927089922,4927089922,539026532,539026532,14
506,4926799545,4926799545,539126788,539126788,14
505,288339858,288339858,1216472981,1216472981,14
504,4932802460,4932802460,4687965712,4687965712,14
503,4932529356,4932529356,444362843,444362843,14
502,282770646,282770646,1191059125,1191059125,14
501,4905664116,4905664116,425297951,425297951,14
495,4906515435,4906515435,427269880,427269880,14
499,4988209331,4988209331,567602010,567602010,14
498,4988331162,4988331162,3315965943,3315965943,14
497,5010757551,5010757551,546029324,546029324,14
496,5135461510,5135461510,809003389,809003389,14
494,4915120914,4915120914,471416121,471416121,14
493,5043381085,5043381085,533629176,533629176,14
492,5043497974,5043497974,533406896,533406896,14
491,5044681530,5044681530,531862636,531862636,14
510,4317453825,4317453825,3949182666,3949182666,14
509,4325661895,4325661895,3979067216,3979067216,14
508,4323657825,4323657825,3969965877,3969965877,14
511,4309393328,4309393328,3942466925,3942466925,14
521,4301484780,4301484780,3902563697,3902563697,14
512,4286195136,4286195136,3939698678,3939698678,14
528,4323040879,4323040879,3960846759,3960846759,14
527,4321896172,4321896172,3977425899,3977425899,14
525,4276334238,4276334238,3910844951,3910844951,14
524,4276211761,4276211761,3910779656,3910779656,14
523,4275495791,4275495791,3908999645,3908999645,14
522,4295928196,4295928196,3908349541,3908349541,14
526,4329022547,4329022547,3957841132,3957841132,14
520,4302659824,4302659824,3901067614,3901067614,14
518,4303133155,4303133155,3900470669,3900470669,14
517,4304500378,4304500378,3956270019,3956270019,14
516,4303917817,4303917817,3898516839,3898516839,14
515,4294554976,4294554976,3925631613,3925631613,14
514,4290915278,4290915278,3930696573,3930696573,14
519,4303073945,4303073945,3900680892,3900680892,14
513,4286205255,4286205255,3939764279,3939764279,14
470,137402611,137402611,1519333757,1519333757,13
475,93636879,93636879,1565772021,1565772021,13
474,980874715,980874715,2832038294,2832038294,13
473,108429926,108429926,1549378861,1549378861,13
472,132147490,132147490,1524565662,1524565662,13
471,134036609,134036609,3826777915,3826777915,13
467,154005287,154005287,1505102816,1505102816,13
469,141235901,141235901,1515952119,1515952119,13
468,148384968,148384968,1510140459,1510140459,13
466,154172929,154172929,1505001347,1505001347,13
465,178827070,178827070,1480219736,1480219736,13
477,86032185,86032185,1572428433,1572428433,13
476,91082989,91082989,1568144131,1568144131,13
486,55371302,55371302,1574506207,1574506207,13
478,67238257,67238257,1590153189,1590153189,13
479,65656802,65656802,1591784695,1591784695,13
480,63067187,63067187,1593651822,1593651822,13
481,62650996,62650996,1594256085,1594256085,13
482,61548278,61548278,1595471098,1595471098,13
483,60288716,60288716,1596867354,1596867354,13
484,60167225,60167225,1596929716,1596929716,13
485,55705728,55705728,1600533852,1600533852,13
487,52080356,52080356,1604645528,1604645528,13
488,51934135,51934135,1604731011,1604731011,13
489,39037105,39037105,1616242649,1616242649,13
490,37992468,37992468,1617212638,1617212638,13
463,196174929,196174929,1463378714,1463378714,13
464,180753189,180753189,1478262507,1478262507,13
462,4502909733,4502909733,3009270225,3009270225,13
460,2748890157,2748890157,2174366994,2174366994,13
459,4510157081,4510157081,3040410788,3040410788,13
458,4510227993,4510227993,2997222700,2997222700,13
457,3074337500,3074337500,383333437,383333437,13
456,2961292155,2961292155,126835024,126835024,13
461,1676638044,1676638044,387872810,387872810,13
424,2065431130,2065431130,4778992903,4778992903,12
427,2047943378,2047943378,4786278774,4786278774,12
435,557539694,557539694,1008558080,1008558080,12
434,557474646,557474646,1008302574,1008302574,12
432,594050970,594050970,1043743932,1043743932,12
431,593930488,593930488,1043539853,1043539853,12
430,587569102,587569102,1037118571,1037118571,12
429,2034083600,2034083600,4817195540,4817195540,12
428,2047304896,2047304896,4786632916,4786632916,12
423,2061789940,2061789940,4780350382,4780350382,12
426,2048017939,2048017939,4786266276,4786266276,12
425,2048175595,2048175595,4786117911,4786117911,12
437,559464574,559464574,4819955019,4819955019,12
422,2060642925,2060642925,4780813213,4780813213,12
421,2060526712,2060526712,4780845900,4780845900,12
420,2060471892,2060471892,4780879425,4780879425,12
419,2056577455,2056577455,4783465970,4783465970,12
418,2054686235,2054686235,4783861096,4783861096,12
436,558094020,558094020,1009248711,1009248711,12
433,600036832,600036832,1049829042,1049829042,12
438,564222936,564222936,1015121661,1015121661,12
447,1386208472,1386208472,4143916947,4143916947,12
455,493188595,493188595,944109550,944109550,12
454,488066507,488066507,939208320,939208320,12
439,568102763,568102763,1019067501,1019067501,12
452,1573811504,1573811504,2734271116,2734271116,12
451,1287486270,1287486270,4120749368,4120749368,12
450,1287593655,1287593655,4120559584,4120559584,12
449,1284879961,1284879961,4122244214,4122244214,12
448,1378675273,1378675273,4179951349,4179951349,12
453,483614927,483614927,934937877,934937877,12
446,1388799298,1388799298,4146346651,4146346651,12
444,1409973219,1409973219,4195319897,4195319897,12
443,1348423500,1348423500,4151968495,4151968495,12
442,1344798160,1344798160,4142782948,4142782948,12
441,1339616352,1339616352,4139498558,4139498558,12
440,2048543841,2048543841,4785965551,4785965551,12
445,1402081985,1402081985,2664196604,2664196604,12
347,4880584776,4880584776,617097986,617097986,10
370,4089206912,4089206912,5131585203,5131585203,10
371,4089913989,4089913989,5130321779,5130321779,10
372,4090824340,4090824340,5129892921,5129892921,10
373,3763566720,3763566720,1737893853,1737893853,10
349,4893151571,4893151571,606690898,606690898,10
348,4901299018,4901299018,615744016,615744016,10
344,5068832838,5068832838,699586711,699586711,10
346,4880246909,4880246909,4960940394,4960940394,10
345,4831185280,4831185280,662190268,662190268,10
343,5068516639,5068516639,699359995,699359995,10
342,5063220159,5063220159,693873836,693873836,10
341,5058429463,5058429463,688765568,688765568,10
368,4108360316,4108360316,5096467933,5096467933,10
369,4095729584,4095729584,5126805581,5126805581,10
361,4074212206,4074212206,5106724700,5106724700,10
367,4108329130,4108329130,349678377,349678377,10
358,4053669745,4053669745,5122831616,5122831616,10
339,5053462044,5053462044,683366032,683366032,10
353,4061631810,4061631810,5119446368,5119446368,10
354,4061852986,4061852986,5119320245,5119320245,10
355,4118306301,4118306301,5087070271,5087070271,10
356,4111845414,4111845414,5100042168,5100042168,10
357,4112048257,4112048257,5100227845,5100227845,10
359,4100860956,4100860956,5133088690,5133088690,10
366,4088120599,4088120599,5114127585,5114127585,10
360,4099108848,4099108848,5128059511,5128059511,10
350,4891017152,4891017152,604583436,604583436,10
362,4075118253,4075118253,5107637338,5107637338,10
363,4075525936,4075525936,5108104512,5108104512,10
364,4081088793,4081088793,5111331991,5111331991,10
365,4084754932,4084754932,5113073998,5113073998,10
340,5056269475,5056269475,686518272,686518272,10
352,4055003515,4055003515,5122143440,5122143440,10
338,5075145058,5075145058,705942179,705942179,10
328,346770730,346770730,1249121025,1249121025,10
351,4954020127,4954020127,594862245,594862245,10
321,442370765,442370765,1198000953,1198000953,10
337,5080425739,5080425739,712318115,712318115,10
323,663235359,663235359,1222823313,1222823313,10
324,329657740,329657740,1224214416,1224214416,10
325,329942330,329942330,1224822781,1224822781,10
326,330023723,330023723,1225090885,1225090885,10
327,336249287,336249287,1232662698,1232662698,10
322,301288253,301288253,1197756900,1197756900,10
329,348739282,348739282,1286211957,1286211957,10
331,379929591,379929591,1305037100,1305037100,10
332,5108623124,5108623124,742024701,742024701,10
333,5104655007,5104655007,730589451,730589451,10
334,5093534915,5093534915,725395856,725395856,10
335,5089905904,5089905904,721003569,721003569,10
336,5082977000,5082977000,59408205,59408205,10
330,349227064,349227064,1285717349,1285717349,10
312,3108176162,3108176162,46613025,46613025,9
307,1687334168,1687334168,4053161,4053161,9
308,1664940699,1664940699,269562,269562,9
309,1653064346,1653064346,19247703,19247703,9
310,3135540468,3135540468,21072435,21072435,9
311,3114489190,3114489190,39980134,39980134,9
316,3007074673,3007074673,3988241025,3988241025,9
313,3104391941,3104391941,50070383,50070383,9
314,3009591838,3009591838,78562140,78562140,9
315,3007764188,3007764188,80492681,80492681,9
318,2988724245,2988724245,98365648,98365648,9
319,3069269345,3069269345,295881055,295881055,9
320,2970341267,2970341267,118334896,118334896,9
317,3000060984,3000060984,88508455,88508455,9
294,2944787246,2944787246,143016685,143016685,9
304,3061260006,3061260006,301369784,301369784,9
290,2933193808,2933193808,154738491,154738491,9
278,2850980343,2850980343,233861516,233861516,9
279,2860724095,2860724095,224495028,224495028,9
280,2861128198,2861128198,224298551,224298551,9
281,2861483466,2861483466,223892996,223892996,9
303,3058546252,3058546252,305319598,305319598,9
283,2880499773,2880499773,205499202,205499202,9
284,2880456183,2880456183,205722345,205722345,9
285,2893158731,2893158731,194419332,194419332,9
286,2928060527,2928060527,161225464,161225464,9
287,2928380915,2928380915,160804258,160804258,9
288,2929831908,2929831908,158462885,158462885,9
289,2933105068,2933105068,155082683,155082683,9
282,2861886670,2861886670,223335221,223335221,9
291,2943104995,2943104995,145027822,145027822,9
298,3136843061,3136843061,4911851460,4911851460,9
292,2943323399,2943323399,144862127,144862127,9
302,3053853107,3053853107,310149164,310149164,9
301,3138683046,3138683046,349732965,349732965,9
300,1677359975,1677359975,334268611,334268611,9
299,1675936079,1675936079,340329619,340329619,9
306,1681669772,1681669772,8973747,8973747,9
297,3033424745,3033424745,388642850,388642850,9
295,2950054660,2950054660,138479934,138479934,9
305,3061956936,3061956936,300750889,300750889,9
293,2944757900,2944757900,143250349,143250349,9
296,2951783745,2951783745,135551183,135551183,9
250,4009425772,4009425772,2679544495,2679544495,8
257,3250289172,3250289172,4307648695,4307648695,8
256,3343434530,3343434530,4242433630,4242433630,8
255,2031514534,2031514534,4229750550,4229750550,8
254,658821361,658821361,1078577447,1078577447,8
253,658969450,658969450,1078538047,1078538047,8
252,4011445381,4011445381,772737128,772737128,8
251,4011176618,4011176618,2677943745,2677943745,8
248,2333986591,2333986591,3166412619,3166412619,8
249,2326230706,2326230706,4663492199,4663492199,8
247,2334783367,2334783367,3166123359,3166123359,8
246,762322135,762322135,4897114364,4897114364,8
245,769602357,769602357,124940627,124940627,8
243,771630575,771630575,4899376492,4899376492,8
242,731148584,731148584,4888543102,4888543102,8
241,748751857,748751857,4892070314,4892070314,8
244,769903550,769903550,4898795964,4898795964,8
231,657470797,657470797,1080002865,1080002865,8
259,3258684172,3258684172,4271362055,4271362055,8
217,3999208175,3999208175,2674697602,2674697602,8
215,4001111597,4001111597,2669357762,2669357762,8
214,449349487,449349487,900048408,900048408,8
213,661803997,661803997,1128213827,1128213827,8
212,653542544,653542544,1129317384,1129317384,8
211,471427381,471427381,924234697,924234697,8
210,707017955,707017955,1176062977,1176062977,8
209,711743874,711743874,1132845168,1132845168,8
208,632785570,632785570,1100465727,1100465727,8
207,615833206,615833206,1064413959,1064413959,8
206,648330522,648330522,1085205084,1085205084,8
205,648777628,648777628,1084868745,1084868745,8
204,4001169903,4001169903,2685837415,2685837415,8
203,4003459877,4003459877,2684969777,2684969777,8
202,4003435271,4003435271,2684921273,2684921273,8
201,3916148227,3916148227,2630187102,2630187102,8
200,4000388799,4000388799,2669921854,2669921854,8
199,3954842738,3954842738,2688603598,2688603598,8
198,3960672421,3960672421,2692250012,2692250012,8
197,3963970783,3963970783,2693352690,2693352690,8
216,3998958515,3998958515,2674977927,2674977927,8
218,3929031110,3929031110,2473799918,2473799918,8
240,745501445,745501445,4889911736,4889911736,8
219,3930086975,3930086975,2474232237,2474232237,8
239,811494490,811494490,4881360798,4881360798,8
238,810751390,810751390,2979182792,2979182792,8
237,810640041,810640041,2979252790,2979252790,8
236,787502105,787502105,4876925777,4876925777,8
235,792013966,792013966,4905082476,4905082476,8
234,802206292,802206292,4903297381,4903297381,8
233,802455814,802455814,4903203108,4903203108,8
232,804531228,804531228,4902613834,4902613834,8
230,781825595,781825595,4865516476,4865516476,8
229,785684262,785684262,4866348560,4866348560,8
228,733904024,733904024,4866742773,4866742773,8
227,734273366,734273366,4866955412,4866955412,8
226,3979771190,3979771190,2662878045,2662878045,8
225,3983447448,3983447448,2659995518,2659995518,8
224,3988932986,3988932986,2655104692,2655104692,8
223,3989344634,3989344634,2654836828,2654836828,8
222,3952493247,3952493247,2642173090,2642173090,8
221,3936244706,3936244706,2449806050,2449806050,8
220,3933477188,3933477188,2462072931,2462072931,8
258,3253980252,3253980252,4315375863,4315375863,8
274,3247099962,3247099962,4328360002,4328360002,8
260,3260642385,3260642385,4363267790,4363267790,8
269,3300114922,3300114922,4278219788,4278219788,8
261,3263478094,3263478094,4360557449,4360557449,8
277,3245081170,3245081170,4332241976,4332241976,8
276,3193632471,3193632471,4363998220,4363998220,8
273,3249050205,3249050205,4290189168,4290189168,8
272,3309691294,3309691294,4923008246,4923008246,8
271,3297476371,3297476371,4333267172,4333267172,8
270,3191891845,3191891845,3340147889,3340147889,8
275,3246760622,3246760622,4329177210,4329177210,8
268,3296386300,3296386300,4334397604,4334397604,8
266,3292005917,3292005917,4338121626,4338121626,8
265,3276651234,3276651234,4350671513,4350671513,8
262,3272279533,3272279533,4353530025,4353530025,8
264,3276144477,3276144477,4351126804,4351126804,8
263,3274057650,3274057650,4923542479,4923542479,8
267,3295894976,3295894976,3102314890,3102314890,8
163,996460912,996460912,3098891344,3098891344,7
167,2309104395,2309104395,3187401307,3187401307,7
166,2309334358,2309334358,3187077521,3187077521,7
165,2310575115,2310575115,3185331365,3185331365,7
164,2315064054,2315064054,3181555788,3181555788,7
160,990056955,990056955,3128937341,3128937341,7
162,995520499,995520499,3098320229,3098320229,7
161,990338874,990338874,3129082314,3129082314,7
159,985202161,985202161,3125590955,3125590955,7
158,985112269,985112269,3125503271,3125503271,7
169,2284815604,2284815604,3210170519,3210170519,7
157,980578740,980578740,3121144272,3121144272,7
168,2286421206,2286421206,3208280023,3208280023,7
177,2122375439,2122375439,3276636492,3276636492,7
170,2175782039,2175782039,3245396760,3245396760,7
171,2175099715,2175099715,3246228795,3246228795,7
173,2164058556,2164058556,3255868985,3255868985,7
174,2163046079,2163046079,3257296959,3257296959,7
175,2160400828,2160400828,3259357021,3259357021,7
176,2116518731,2116518731,3270675241,3270675241,7
155,2843505964,2843505964,241963330,241963330,7
178,2122420098,2122420098,3277133979,3277133979,7
179,2123685998,2123685998,3296413489,3296413489,7
180,3535282636,3535282636,3404771999,3404771999,7
181,2140041102,2140041102,3279002854,3279002854,7
182,2141558097,2141558097,3315849192,3315849192,7
156,976747744,976747744,3115529925,3115529925,7
147,2764770517,2764770517,1786016324,1786016324,7
154,2845894750,2845894750,238978845,238978845,7
139,3770861186,3770861186,1732492778,1732492778,7
127,2662894848,2662894848,2095730285,2095730285,7
128,2677246924,2677246924,2106622537,2106622537,7
129,2677296039,2677296039,2106685462,2106685462,7
130,2682855482,2682855482,2111672731,2111672731,7
131,2686528793,2686528793,2115487183,2115487183,7
132,2686879950,2686879950,2115886206,2115886206,7
133,2688142614,2688142614,2117098146,2117098146,7
134,2703158636,2703158636,2131061073,2131061073,7
135,3758380456,3758380456,1687213396,1687213396,7
136,3788384281,3788384281,4571996413,4571996413,7
137,3818626734,3818626734,1728654187,1728654187,7
138,3771050024,3771050024,1732268967,1732268967,7
140,3770427067,3770427067,1732641387,1732641387,7
153,2846375144,2846375144,237940696,237940696,7
141,3769639730,3769639730,1733416830,1733416830,7
142,3764190559,3764190559,1737513213,1737513213,7
143,2810368978,2810368978,1752037192,1752037192,7
144,2806753739,2806753739,1801758869,1801758869,7
145,2762412096,2762412096,1788364659,1788364659,7
146,2763184036,2763184036,4693270531,4693270531,7
184,2153397547,2153397547,3321627390,3321627390,7
148,2765641688,2765641688,1785242363,1785242363,7
149,2774398853,2774398853,1777057140,1777057140,7
150,3505208513,3505208513,4720706909,4720706909,7
151,3505247000,3505247000,4720666401,4720666401,7
152,2825176098,2825176098,271346629,271346629,7
183,2143768893,2143768893,3318911774,3318911774,7
172,2166348116,2166348116,3253780481,3253780481,7
185,2147988009,2147988009,3326961657,3326961657,7
192,2357803037,2357803037,3143803821,3143803821,7
196,3355377073,3355377073,4267152163,4267152163,7
195,3183951661,3183951661,4261460224,4261460224,7
194,3228883924,3228883924,4292068708,4292068708,7
193,3221662371,3221662371,4247798455,4247798455,7
186,2146945548,2146945548,3328605582,3328605582,7
191,2350739200,2350739200,3154171095,3154171095,7
189,2100735991,2100735991,3305765301,3305765301,7
188,2154173640,2154173640,3332560649,3332560649,7
187,2145833381,2145833381,3330806440,3330806440,7
190,2090691978,2090691978,3447057146,3447057146,7
54,3376421794,3376421794,4486390934,4486390934,6
62,3384826747,3384826747,4482776389,4482776389,6
61,3383213844,3383213844,4483910153,4483910153,6
60,3382728324,3382728324,4484292561,4484292561,6
59,3380600027,3380600027,4489640211,4489640211,6
58,3380017136,3380017136,4489304109,4489304109,6
57,3379993705,3379993705,4489258450,4489258450,6
56,3379432262,3379432262,4488978252,4488978252,6
55,3378349721,3378349721,4487839514,4487839514,6
51,3371914077,3371914077,4493727726,4493727726,6
53,3372717227,3372717227,4492370328,4492370328,6
52,3372341345,3372341345,4492852470,4492852470,6
50,4046099349,4046099349,4592973892,4592973892,6
49,4023148654,4023148654,4596435397,4596435397,6
64,3399405414,3399405414,4475720827,4475720827,6
48,4038447554,4038447554,4586694874,4586694874,6
47,4039398457,4039398457,4587480448,4587480448,6
46,4039417212,4039417212,4587492130,4587492130,6
86,4428703704,4428703704,4951490519,4951490519,6
63,3399063077,3399063077,4475889632,4475889632,6
69,3403388178,3403388178,4473958370,4473958370,6
65,3402509270,3402509270,4474613942,4474613942,6
76,3368334673,3368334673,4457997527,4457997527,6
84,3152949565,3152949565,4396140340,4396140340,6
83,3161938511,3161938511,4444133137,4444133137,6
82,3157102950,3157102950,4448023913,4448023913,6
81,3154485719,3154485719,4449461234,4449461234,6
80,3194557925,3194557925,4451212444,4451212444,6
79,3194030288,3194030288,4451647350,4451647350,6
78,3193973666,3193973666,4451754474,4451754474,6
77,3357193352,3357193352,4452705922,4452705922,6
75,3422012877,3422012877,4465236694,4465236694,6
66,3402636011,3402636011,4474567135,4474567135,6
74,3417302119,3417302119,4467897171,4467897171,6
73,3415333558,3415333558,4468775377,4468775377,6
72,3409377262,3409377262,4471462244,4471462244,6
71,3409215287,3409215287,4471534441,4471534441,6
70,3403588700,3403588700,4473611106,4473611106,6
44,4041962847,4041962847,4589736408,4589736408,6
68,3402820769,3402820769,4474445956,4474445956,6
67,3402717606,3402717606,4474520844,4474520844,6
45,4041340261,4041340261,4588997986,4588997986,6
38,5059546026,5059546026,4581436273,4581436273,6
43,4041979353,4041979353,4589750354,4589750354,6
11,4364717736,4364717736,4922813086,4922813086,6
19,4347018367,4347018367,4932328627,4932328627,6
18,4347955921,4347955921,4932275090,4932275090,6
17,4348276126,4348276126,4931831519,4931831519,6
16,4350387875,4350387875,4930221099,4930221099,6
15,4351216126,4351216126,4929824003,4929824003,6
14,4351955509,4351955509,4929576164,4929576164,6
13,4361263402,4361263402,4917725269,4917725269,6
12,4363358003,4363358003,4921001889,4921001889,6
10,4364733384,4364733384,4922820211,4922820211,6
42,4042397567,4042397567,4589984541,4589984541,6
9,4364801419,4364801419,4922903843,4922903843,6
8,4364990941,4364990941,4923127773,4923127773,6
7,4365064056,4365064056,4934457664,4934457664,6
6,4368383949,4368383949,4925395208,4925395208,6
5,4368414993,4368414993,4925404942,4925404942,6
4,4369914766,4369914766,4926124019,4926124019,6
3,4359013077,4359013077,4927496872,4927496872,6
2,4358856995,4358856995,4927530201,4927530201,6
20,4346201391,4346201391,4549990687,4549990687,6
21,4340440628,4340440628,4909969087,4909969087,6
22,4336408941,4336408941,4914861461,4914861461,6
23,4335984174,4335984174,4915093534,4915093534,6
41,4042917917,4042917917,4590307791,4590307791,6
40,4047665789,4047665789,4594695380,4594695380,6
39,4017482299,4017482299,4581298952,4581298952,6
37,4034579650,4034579650,4575477659,4575477659,6
36,4016294356,4016294356,4582227130,4582227130,6
35,4035512092,4035512092,4582593910,4582593910,6
34,4035568623,4035568623,4582631763,4582631763,6
33,4035722562,4035722562,4582764549,4582764549,6
32,4036469057,4036469057,4583084716,4583084716,6
31,4036700457,4036700457,4583347714,4583347714,6
30,4021434497,4021434497,4583904264,4583904264,6
29,4021105275,4021105275,4584386020,4584386020,6
28,4021749736,4021749736,4576741870,4576741870,6
27,4341875890,4341875890,4911635577,4911635577,6
26,4340815647,4340815647,4910241601,4910241601,6
25,4340690076,4340690076,4910108669,4910108669,6
24,4335887100,4335887100,4915184076,4915184076,6
85,3202021056,3202021056,4419635533,4419635533,6
1,4357878907,4357878907,4927858130,4927858130,6
87,4434006990,4434006990,4610245753,4610245753,6
118,3695775990,3695775990,1881161450,1881161450,6
110,3827382372,3827382372,1720361281,1720361281,6
111,3826598472,3826598472,1719678045,1719678045,6
112,3826378140,3826378140,1719316604,1719316604,6
113,3825770207,3825770207,1718512981,1718512981,6
114,3820994765,3820994765,1714864795,1714864795,6
115,3801066675,3801066675,1703104681,1703104681,6
116,3795625668,3795625668,1696344386,1696344386,6
117,457939548,457939548,910372706,910372706,6
119,3695099600,3695099600,1881872105,1881872105,6
108,4407570523,4407570523,4601685301,4601685301,6
120,3699256655,3699256655,1887314639,1887314639,6
121,3699584312,3699584312,3593959052,3593959052,6
122,3702900167,3702900167,1822324992,1822324992,6
123,3707485041,3707485041,1820244056,1820244056,6
124,3707702376,3707702376,1820450084,1820450084,6
125,3723032063,3723032063,1842365992,1842365992,6
126,3724099722,3724099722,1841147010,1841147010,6
88,4423754990,4423754990,4607720619,4607720619,6
109,4410703574,4410703574,4603332458,4603332458,6
0,4357223657,4357223657,4928159305,4928159305,6
107,4407395966,4407395966,4601575240,4601575240,6
97,3336004576,3336004576,4440927978,4440927978,6
106,4406346144,4406346144,4601211220,4601211220,6
90,766290394,766290394,4900499100,4900499100,6
91,764220032,764220032,4899824783,4899824783,6
92,767101382,767101382,4395612899,4395612899,6
93,3338919397,3338919397,4425270143,4425270143,6
94,808197303,808197303,4887263144,4887263144,6
95,809857132,809857132,4886444423,4886444423,6
96,3335059028,3335059028,4441393633,4441393633,6
89,766407976,766407976,4900537834,4900537834,6
98,3337087599,3337087599,4392738754,4392738754,6
100,3327760574,3327760574,4425611362,4425611362,6
101,3316844431,3316844431,5168118811,5168118811,6
102,3316738046,3316738046,4390282139,4390282139,6
103,3316487143,3316487143,4389912198,4389912198,6
104,3214403446,3214403446,4374696660,4374696660,6
105,3214029514,3214029514,4375065295,4375065295,6
99,3332060400,3332060400,4439095520,4439095520,6
403,2532850846,2532850846,4124574629,4124574629,5
405,2501462654,2501462654,2252593522,2252593522,5
404,2503549123,2503549123,2204254007,2204254007,5
400,2561327627,2561327627,2007370438,2007370438,5
402,2538938747,2538938747,1991032265,1991032265,5
401,2541835984,2541835984,1993735297,1993735297,5
407,2492103370,2492103370,1932260886,1932260886,5
399,2562315971,2562315971,2007960878,2007960878,5
406,2493507345,2493507345,1931105033,1931105033,5
411,3666410009,3666410009,1853606166,1853606166,5
408,2484983094,2484983094,2243602376,2243602376,5
409,2482919528,2482919528,2244820337,2244820337,5
410,2470245486,2470245486,2223674913,2223674913,5
412,3658593661,3658593661,1861879618,1861879618,5
413,3657167962,3657167962,2233785064,2233785064,5
414,3656268821,3656268821,2234402931,2234402931,5
415,3654924305,3654924305,2736986163,2736986163,5
397,2580411629,2580411629,2022245746,2022245746,5
416,3646744777,3646744777,2255233264,2255233264,5
417,3639725929,3639725929,2249479334,2249479334,5
398,2580062509,2580062509,2022132302,2022132302,5
387,3745520384,3745520384,1674153947,1674153947,5
396,2581596401,2581596401,2023545707,2023545707,5
395,2585802278,2585802278,2029329123,2029329123,5
374,387530495,387530495,1325738691,1325738691,5
375,336994892,336994892,1333681907,1333681907,5
377,413290044,413290044,1344708594,1344708594,5
378,421099679,421099679,1345713593,1345713593,5
379,422402230,422402230,1352207254,1352207254,5
380,433494982,433494982,1364578533,1364578533,5
381,433689230,433689230,1364847752,1364847752,5
382,4425698147,4425698147,4611415098,4611415098,5
383,3754019511,3754019511,1684209546,1684209546,5
384,4417896323,4417896323,4598980316,4598980316,5
385,4416273260,4416273260,4599843926,4599843926,5
386,3743014723,3743014723,1671810286,1671810286,5
388,2729408784,2729408784,2153513479,2153513479,5
389,2728668181,2728668181,4584341083,4584341083,5
390,2733762047,2733762047,2157368226,2157368226,5
391,2644301997,2644301997,2082226896,2082226896,5
392,2635965253,2635965253,2075735332,2075735332,5
393,2610005858,2610005858,2052114871,2052114871,5
394,2592540968,2592540968,2035286762,2035286762,5
376,413964099,413964099,1339884941,1339884941,5
